﻿<?xml version="1.0" encoding="UTF-8" standalone="yes"?>
<addon id="repository.mrpiracy" name="MrPiracy.top Repositorio" version="1.0.3" provider-name="MrPiracy.top">
	<extension point="xbmc.addon.repository" name="MrPiracy Repository">
		<info compressed="false">http://raw.github.com/mrpiracyPT/repository.mrpiracy/master/addons.xml</info>
		<checksum>http://raw.github.com/mrpiracyPT/repository.mrpiracy/master/addons.xml.md5</checksum>
		<datadir zip="true">http://raw.github.com/mrpiracyPT/repository.mrpiracy/master/repo/</datadir>
	</extension>
	<extension point="xbmc.addon.metadata">
		<summary>MrPiracy.top Repositório</summary>
		<description>Addon Description</description>
		<disclaimer></disclaimer>
		<platform>all</platform>
	</extension>
</addon>
