<?xml version="1.0" encoding="UTF-8" standalone="yes"?>
<addon id="plugin.video.frenchdj.media.center"
       name="FMC"
       version="4.3"
       provider-name="frenchdj">
  <requires>
    <import addon="xbmc.python" version="2.1.0"/>
    <import addon="script.module.beautifulsoup" version="3.2.1"/>
    <import addon="script.module.simple.downloader" version="0.9.4"/>
    <import addon="script.module.beautifulsoup4" />
    <import addon="script.module.requests" />
    <import addon="script.module.httplib2" />
    <import addon="script.module.liveresolver" version="0.1.24" optional="true"/>
    <import addon="script.module.youtube.dl" optional="true"/>
    <import addon="plugin.video.youtube" optional="true" />
    <import addon="script.module.urlresolver" optional="true"/>
    <import addon="script.module.simplejson" />    
     <import addon="script.module.livestreamer" optional="true"/>
     <import addon="script.module.pyamf" optional="true"/>
  </requires>
  <extension point="xbmc.python.pluginsource" library="default.py">
    <provides>video</provides>
  </extension>
  <extension point="xbmc.addon.metadata">
    <summary lang="en">FMC [ 2018 Edition ]</summary>
    <description>Um Media Center que inclui todos os addons de "frenchdj" divididos por temas e categorias.
[B][COLOR white]Para bom funcionamento deste addon é necessário atualizar: [COLOR lime]URL Resolver, Youtube Pluguin, F4M Tester e Sportdevil.[/COLOR][/B]</description>
    <platform>all</platform>
  </extension>
</addon>