﻿<?xml version="1.0" encoding="UTF-8" standalone="yes"?>
<addon id="repository.FMC" name="FMC repository" version="1.0.0" provider-name="FMC">
	<extension point="xbmc.addon.repository" name="FMC Add-on Repository">
		<info compressed="false">https://raw.githubusercontent.com/jennyrach/FMC/master/addons.xml</info>
		<checksum>https://raw.githubusercontent.com/jennyrach/FMC/master/addons.xml.md5</checksum>
		<datadir zip="true">https://raw.githubusercontent.com/jennyrach/FMC/master/repo/</datadir>
	</extension>
	<extension point="xbmc.addon.metadata">
		<summary>FMC [ 2018 Edition ]</summary>
		<description>Um Media Center que inclui todos os addons de "frenchdj" divididos por temas e categorias.
[B][COLOR white]Para bom funcionamento deste addon é necessário atualizar: [COLOR lime]URL Resolver, Youtube Pluguin, F4M Tester e Sportdevil.[/COLOR][/B]</description>
		<disclaimer></disclaimer>
		<platform>all</platform>
	</extension>
</addon>